file,bytes,description
data/archetype_summary.csv,3141,Averages for each shot-diet group.
data/coaching_did_results.csv,12130,Difference-in-differences estimates for mid-season coach firings.
data/coaching_did_summary.csv,1120,Difference-in-differences estimates for mid-season coach firings.
data/leaderboard.csv,257833,"Player-season POE with intervals, TS%, and rTS%."
data/leaderboard_2022-23.csv,87201,"Player-season POE with intervals, TS%, and rTS%."
data/leaderboard_2023-24.csv,83446,"Player-season POE with intervals, TS%, and rTS%."
data/leaderboard_2024-25.csv,87502,"Player-season POE with intervals, TS%, and rTS%."
data/model_evidence.csv,1881,Index of the validation figures.
data/player_profiles.csv,423578,"Everything on the player views: POE, shot-zone shares, and shot diet group."
data/player_profiles_2022-23.csv,143246,"Everything on the player views: POE, shot-zone shares, and shot diet group."
data/player_profiles_2023-24.csv,136904,"Everything on the player views: POE, shot-zone shares, and shot diet group."
data/player_profiles_2024-25.csv,144034,"Everything on the player views: POE, shot-zone shares, and shot diet group."
data/rapm_pooled.csv,158617,"Offensive, defensive, and net RAPM with intervals, pooled 2022-25."
data/season_summary.csv,500,Season totals and the top and bottom shot-makers.
data/shot_map_sample_2022-23.csv,7542857,"A fixed per-player sample of shots, used for the shot charts."
data/shot_map_sample_2023-24.csv,7500665,"A fixed per-player sample of shots, used for the shot charts."
data/shot_map_sample_2024-25.csv,7820095,"A fixed per-player sample of shots, used for the shot charts."
data/shots_2022-23.csv,18641518,"Every shot in the season with its location, result, xPoints, and POE."
data/shots_2023-24.csv,18804125,"Every shot in the season with its location, result, xPoints, and POE."
data/shots_2024-25.csv,18884734,"Every shot in the season with its location, result, xPoints, and POE."
