player_id,player_name,team_id,season,attempts,made,points,xpoints,poe,poe_per_100,poe_ci_low,poe_ci_high,pps,xpps,efg_pct,ts_pct,league_avg_ts_pct,rel_ts_pct
203999,Nikola Jokić,1610612743,2023-24,1403,822,1727,1451.8167028978355,275.1832971021645,19.613919964516356,13.90045169455631,24.711558560802473,1.2309337134711333,1.0347945138259698,0.6154668567355667,0.6500511311201457,0.5799944841071272,0.0700566470130185
1629726,Garrison Mathews,1610612737,2023-24,226,103,291,249.48896090684548,41.51103909315452,18.367716412900233,1.1757799146478152,36.45114208795761,1.2876106194690264,1.1039334553400242,0.6438053097345132,0.6646760471204188,0.5799944841071272,0.08468156301329166
1628960,Grayson Allen,1610612756,2023-24,682,340,885,775.1078275693889,109.89217243061114,16.11322176401923,5.629080057854255,26.22799737871639,1.2976539589442815,1.1365217413040893,0.6488269794721407,0.6790057320404992,0.5799944841071272,0.09901124793337202
204456,T.J. McConnell,1610612754,2023-24,593,330,678,584.267619075569,93.73238092443103,15.806472331269989,7.735476335191666,23.94817938671668,1.1433389544688026,0.9852742311561028,0.5716694772344013,0.5860256658283356,0.5799944841071272,0.006031181721208423
1626181,Norman Powell,1610612746,2023-24,766,373,913,795.5819956182538,117.41800438174619,15.328721198661382,6.619813724131647,24.09440990886708,1.1919060052219321,1.0386187932353184,0.5959530026109661,0.6258296984638725,0.5799944841071272,0.04583521435674531
1630188,Jalen Smith,1610612754,2023-24,394,234,529,470.9663736413273,58.03362635867268,14.729346791541289,3.6522919976592463,24.742020106806844,1.3426395939086295,1.1953461259932165,0.6713197969543148,0.681776930755967,0.5799944841071272,0.10178244664883984
201143,Al Horford,1610612738,2023-24,419,214,536,474.7987591771931,61.20124082280688,14.60650138969138,2.895134766507154,26.567482496481986,1.279236276849642,1.1331712629527282,0.639618138424821,0.6501619620546044,0.5799944841071272,0.07016747794747724
201142,Kevin Durant,1610612756,2023-24,1436,751,1670,1465.0795009826873,204.92049901731275,14.270229736581669,7.991796143952142,20.233213602266822,1.1629526462395543,1.0202503488737376,0.5814763231197771,0.626340837915814,0.5799944841071272,0.04634635380868679
1630573,Sam Hauser,1610612738,2023-24,556,249,695,616.7288371557974,78.27116284420265,14.077547274137167,1.9874427528089944,25.69856538556234,1.25,1.1092245272586283,0.625,0.6285754643689526,0.5799944841071272,0.048580980261825446
1628379,Luke Kennard,1610612763,2023-24,315,141,389,345.8636390861311,43.136360913868884,13.694082829799644,-2.239673608465502,29.55169525620143,1.234920634920635,1.0979798066226385,0.6174603174603175,0.6406810035842294,0.5799944841071272,0.06068651947710224
204060,Joe Ingles,1610612753,2023-24,227,99,268,237.25130257717484,30.74869742282516,13.545681684063949,-3.136061193846566,31.65655013574506,1.1806167400881058,1.0451599232474662,0.5903083700440529,0.6116713506364688,0.5799944841071272,0.03167686652934165
1629029,Luka Dončić,1610612742,2023-24,1648,804,1892,1675.141926506556,216.85807349344395,13.15886368285461,7.029936163164215,18.60740075816805,1.1480582524271845,1.0164696155986384,0.5740291262135923,0.6173418354588647,0.5799944841071272,0.0373473513517375
203114,Khris Middleton,1610612749,2023-24,642,317,728,645.1465117732972,82.85348822670278,12.905527761168658,2.9589753279420568,22.166898687825437,1.1339563862928348,1.0049011086811483,0.5669781931464174,0.5949985628054039,0.5799944841071272,0.01500407869827669
1630202,Payton Pritchard,1610612738,2023-24,633,297,741,659.7651129195127,81.23488708048728,12.833315494547753,1.8240091521726525,23.21893123812547,1.1706161137440758,1.0422829587985982,0.5853080568720379,0.5965375053059244,0.5799944841071272,0.016543021198797248
201939,Stephen Curry,1610612744,2023-24,1444,650,1657,1472.7438343381068,184.2561656618932,12.760122275754377,6.370885758502511,19.952695506330578,1.1475069252077563,1.0199057024502125,0.5737534626038782,0.6160397087354179,0.5799944841071272,0.03604522462829074
202695,Kawhi Leonard,1610612746,2023-24,1162,610,1360,1212.773083403356,147.22691659664406,12.670130516062311,6.44284280764286,19.125162961026405,1.1703958691910499,1.0436945640304267,0.5851979345955249,0.6262423903590508,0.5799944841071272,0.046247906251923654
1630198,Isaiah Joe,1610612760,2023-24,484,222,591,530.8142531127293,60.18574688727074,12.435071670923707,-0.6509295800888828,24.440992037886502,1.2210743801652892,1.0967236634560522,0.6105371900826446,0.6261321572024888,0.5799944841071272,0.04613767309536165
202681,Kyrie Irving,1610612742,2023-24,1131,562,1297,1156.691015431712,140.308984568288,12.405745762006012,5.859260531341669,19.535600502848563,1.1467727674624226,1.0227153098423625,0.5733863837312113,0.6077325486349517,0.5799944841071272,0.02773806452782457
203482,Kelly Olynyk,1610612761,2023-24,497,276,612,551.5381925542004,60.46180744579965,12.165353610824878,2.5529756230632583,21.721950679573155,1.2313883299798793,1.1097347938716304,0.6156941649899397,0.6612287400208261,0.5799944841071272,0.08123425591369893
1630598,Aaron Wiggins,1610612760,2023-24,377,212,486,440.1503708388036,45.84962916119639,12.16170534779745,1.0161242501720014,23.989266518850275,1.2891246684350133,1.1675076149570387,0.6445623342175066,0.6638252008622378,0.5799944841071272,0.08383071675511067
201144,Mike Conley,1610612750,2023-24,644,294,767,692.8229743840986,74.17702561590136,11.51817167948779,1.2926517386502263,21.734626940761043,1.1909937888198758,1.075812072024998,0.5954968944099379,0.6267309023771059,0.5799944841071272,0.04673641826997876
203954,Joel Embiid,1610612755,2023-24,850,450,954,856.3631934703835,97.63680652961648,11.486683121131351,5.004569430914171,18.465082683051303,1.1223529411764706,1.007486109965157,0.5611764705882353,0.6443593553548976,0.5799944841071272,0.06436487124777046
1631165,Keon Ellis,1610612758,2023-24,231,107,284,257.62046370321025,26.37953629678975,11.419712682592968,-5.720405026654388,29.410050642453754,1.2294372294372293,1.1152401026112997,0.6147186147186147,0.6265157639450283,0.5799944841071272,0.04652127983790111
201950,Jrue Holiday,1610612738,2023-24,688,331,800,722.2410194989293,77.75898050107071,11.302177398411441,2.157101449914108,20.994605178536084,1.1627906976744187,1.0497689236903043,0.5813953488372093,0.5966587112171838,0.5799944841071272,0.016664227110056662
1626145,Tyus Jones,1610612764,2023-24,666,326,758,684.0588269607753,73.94117303922474,11.102278234117827,2.034310380887769,19.849609689095754,1.1381381381381381,1.02711535579696,0.5690690690690691,0.5778232884727911,0.5799944841071272,-0.0021711956343360983
1631114,Jalen Williams,1610612760,2023-24,993,536,1175,1067.218616482431,107.78138351756911,10.854117171960635,4.11167310218447,17.76137530647976,1.1832829808660625,1.074741809146456,0.5916414904330313,0.6214228059876724,0.5799944841071272,0.04142832188054524
203468,CJ McCollum,1610612740,2023-24,1055,484,1207,1093.4408074282087,113.5591925717913,10.76390450917453,3.420069052462902,18.771954635077197,1.1440758293838862,1.036436784292141,0.5720379146919431,0.592209002293578,0.5799944841071272,0.012214518186450807
203957,Dante Exum,1610612742,2023-24,300,161,375,343.550944716152,31.449055283847997,10.483018427949332,-1.737786068904876,24.12058364763245,1.25,1.1451698157205066,0.625,0.6447336707640395,0.5799944841071272,0.06473918665691236
101108,Chris Paul,1610612744,2023-24,463,206,490,441.60481485498644,48.395185145013556,10.452523789419775,-0.35409846289803654,21.81481639479133,1.0583153347732182,0.9537900968790204,0.5291576673866091,0.544010778149751,0.5799944841071272,-0.03598370595737621
202331,Paul George,1610612746,2023-24,1236,582,1407,1278.9952290648325,128.00477093516747,10.356373053007077,3.5136411940935854,17.89742349159195,1.1383495145631068,1.0347857840330361,0.5691747572815534,0.6125186944664379,0.5799944841071272,0.032524210359310746
1626164,Devin Booker,1610612756,2023-24,1305,642,1436,1301.4655991344894,134.53440086551063,10.309149491610011,4.46120136309113,16.194845107045353,1.100383141762452,0.997291646846352,0.550191570881226,0.6111893126527144,0.5799944841071272,0.031194828545587194
1630169,Tyrese Haliburton,1610612754,2023-24,1045,500,1195,1087.930122420119,107.069877579881,10.245921299510142,2.913499105869697,17.752871843963398,1.1435406698564594,1.041081456861358,0.5717703349282297,0.6050284001812035,0.5799944841071272,0.025033916074076346
1627826,Ivica Zubac,1610612746,2023-24,519,337,674,621.2421372565493,52.75786274345069,10.165291472726528,2.1715439727070724,17.818718605947225,1.298651252408478,1.1969983376812126,0.649325626204239,0.6705627998108237,0.5799944841071272,0.0905683157036965
1628983,Shai Gilgeous-Alexander,1610612760,2023-24,1487,796,1687,1541.299134345714,145.70086565428596,9.798309727927771,4.343987409937524,15.14017945319707,1.1344989912575656,1.036515893978288,0.5672494956287828,0.6358035835176242,0.5799944841071272,0.055809099410497054
1626156,D'Angelo Russell,1610612747,2023-24,1079,492,1210,1106.61130732227,103.38869267772998,9.58189922870528,2.6063934501387878,17.292352994362812,1.1214087117701577,1.0255897194831047,0.5607043558850788,0.5878160208848585,0.5799944841071272,0.007821536777731342
1628401,Derrick White,1610612738,2023-24,839,387,970,890.1010916823332,79.89890831766684,9.523111837624176,1.1022737190932888,18.52228027521985,1.1561382598331347,1.060907141456893,0.5780691299165673,0.611008080540469,0.5799944841071272,0.031013596433341784
2544,LeBron James,1610612747,2023-24,1268,685,1519,1398.3803787551733,120.6196212448267,9.512588426248163,3.461306116058115,15.569099145830062,1.1979495268138802,1.1028236425513984,0.5989747634069401,0.6296828776023666,0.5799944841071272,0.04968839349523946
1627736,Malik Beasley,1610612749,2023-24,722,320,864,795.6786812060967,68.32131879390329,9.462786536551702,-0.701067909859328,18.91786885086393,1.1966759002770082,1.1020480349114914,0.5983379501385041,0.6027935991320857,0.5799944841071272,0.02279911502495857
1628973,Jalen Brunson,1610612752,2023-24,1647,790,1791,1637.4488601771811,153.55113982281887,9.323080742126223,3.7691777729900973,14.84184564923902,1.0874316939890711,0.9942008865678088,0.5437158469945356,0.5924957678873722,0.5799944841071272,0.012501283780245065
1630559,Austin Reaves,1610612747,2023-24,939,457,1068,980.6516354549688,87.34836454503125,9.302275244412272,1.8535574171911815,17.12681792645571,1.1373801916932906,1.044357439249168,0.5686900958466453,0.6133927223312697,0.5799944841071272,0.03339823822414256
1629655,Daniel Gafford,1610612742,2023-24,480,348,696,651.8010730564488,44.198926943551214,9.208109779906502,2.4224993087673874,16.451239272643072,1.45,1.357918902200935,0.725,0.7307001795332136,0.5799944841071272,0.15070569542608647
1626157,Karl-Anthony Towns,1610612750,2023-24,950,479,1094,1006.7212327449533,87.27876725504666,9.187238658425963,1.775683373057197,16.463633022701632,1.151578947368421,1.0597065607841614,0.5757894736842105,0.6248378849075481,0.5799944841071272,0.04484340080042093
1630570,Trendon Watford,1610612751,2023-24,311,164,355,327.11461068352105,27.88538931647895,8.966363124269758,-3.0862516375761833,21.33997067556044,1.1414790996784565,1.051815468435759,0.5707395498392283,0.6107215562090025,0.5799944841071272,0.030727072101875308
1627751,Jakob Poeltl,1610612761,2023-24,378,248,496,462.35735949676877,33.642640503231235,8.900169445299268,-0.7835499365453161,18.270800401884706,1.312169312169312,1.2231676177163195,0.656084656084656,0.6528182930271949,0.5799944841071272,0.07282380892006768
203078,Bradley Beal,1610612756,2023-24,735,377,855,789.6668335925739,65.33316640742612,8.888866177881106,1.090547984062609,17.583703600074628,1.163265306122449,1.074376644343638,0.5816326530612245,0.6070834802760844,0.5799944841071272,0.027088996168957213
1629130,Duncan Robinson,1610612748,2023-24,673,304,795,735.6874012784301,59.312598721569884,8.813164743175317,-1.2457374355681867,19.912124023221562,1.1812778603268945,1.0931462128951412,0.5906389301634473,0.6122306185278478,0.5799944841071272,0.0322361344207206
1630557,Corey Kispert,1610612764,2023-24,794,386,956,886.3986076958536,69.60139230414643,8.765918426214915,-0.36704358762975364,17.401162268980258,1.2040302267002518,1.1163710424381028,0.6020151133501259,0.6198730129304352,0.5799944841071272,0.039878528823308
1627750,Jamal Murray,1610612743,2023-24,986,474,1093,1009.6808906869381,83.31910931306186,8.450213926274023,1.1630826894436985,16.012250347385418,1.1085192697768762,1.0240171305141361,0.5542596348884381,0.5857764114868411,0.5799944841071272,0.005781927379713947
1628988,Aaron Holiday,1610612745,2023-24,417,186,456,421.28243491756473,34.71756508243527,8.32555517564395,-1.9450633376575772,20.733115851603564,1.0935251798561152,1.0102696280996757,0.5467625899280576,0.5778917071415722,0.5799944841071272,-0.002102776965554942
1630167,Obi Toppin,1610612754,2023-24,576,332,766,719.277542770775,46.72245722922503,8.111537713407122,-1.51290737592112,17.20073373519161,1.3298611111111112,1.2487457339770398,0.6649305555555556,0.6765650080256822,0.5799944841071272,0.09657052391855503
1626171,Bobby Portis,1610612749,2023-24,918,466,1032,959.4185737117806,72.5814262882194,7.906473451875752,0.6582884487770624,14.804241020914748,1.1241830065359477,1.04511827201719,0.5620915032679739,0.5809410216336267,0.5799944841071272,0.0009465375264995357
1629028,Deandre Ayton,1610612757,2023-24,748,427,855,796.8456246680021,58.154375331997926,7.774649108555873,0.8866907220130001,14.621513067310124,1.143048128342246,1.0653016372566873,0.571524064171123,0.5869143615392467,0.5799944841071272,0.0069198774321195256
1627742,Brandon Ingram,1610612740,2023-24,1015,500,1086,1009.9292624319754,76.07073756802458,7.494653947588629,0.5271636476243506,14.303921061745568,1.0699507389162561,0.9950041994403699,0.5349753694581281,0.5780848552183876,0.5799944841071272,-0.0019096288887395785
1627734,Domantas Sabonis,1610612758,2023-24,1068,634,1301,1221.8038739305264,79.19612606947362,7.415367609501275,1.5747489098753724,13.409635383274118,1.2181647940074907,1.144011117912478,0.6090823970037453,0.6368942907404447,0.5799944841071272,0.05689980663331751
1630215,Jared Butler,1610612764,2023-24,200,98,220,205.17366494704663,14.826335052953368,7.413167526476684,-8.784091556390164,23.28733648434313,1.1,1.0258683247352332,0.55,0.5787677550267478,0.5799944841071272,-0.0012267290803793518
1626224,Cedi Osman,1610612759,2023-24,384,184,454,426.3854549356517,27.614545064348306,7.191287777174038,-5.834138326808937,19.307697226985503,1.1822916666666667,1.1103787888949264,0.5911458333333334,0.6009142744789618,0.5799944841071272,0.020919790371834668
202685,Jonas Valančiūnas,1610612740,2023-24,719,402,841,790.1077749680773,50.89222503192275,7.078195414731954,-0.8937147528948026,14.692967837553615,1.1696801112656467,1.0988981571183272,0.5848400556328234,0.6191300049431537,0.5799944841071272,0.03913552083602656
1629599,Amir Coffey,1610612746,2023-24,351,166,402,377.3733356588269,24.626664341173125,7.016143686943909,-5.841446591472585,20.312168464005797,1.1452991452991452,1.0751377084297062,0.5726495726495726,0.6040601189854921,0.5799944841071272,0.024065634878364883
1630241,Sam Merrill,1610612739,2023-24,392,158,459,431.6989187322136,27.3010812677864,6.964561547904694,-8.013502623764177,21.25468488927248,1.1709183673469388,1.1012727518678918,0.5854591836734694,0.5982927069969407,0.5799944841071272,0.01829822288981353
202691,Klay Thompson,1610612744,2023-24,1131,490,1248,1169.4333911335766,78.5666088664234,6.946649767146189,-0.5884423579426942,14.672076995173459,1.103448275862069,1.033981778190607,0.5517241379310345,0.5761430678466077,0.5799944841071272,-0.0038514162605194358
203926,Doug McDermott,1610612754,2023-24,284,123,340,320.6301670065445,19.369832993455475,6.820363730089955,-10.155505245603774,24.20197675483617,1.1971830985915493,1.1289794612906496,0.5985915492957746,0.6002873170064305,0.5799944841071272,0.02029283289930328
1629060,Rui Hachimura,1610612747,2023-24,676,363,824,779.224118399613,44.77588160038704,6.623651124317609,-1.5725533079749212,14.816183946803676,1.2189349112426036,1.1526983999994274,0.6094674556213018,0.6279253292696201,0.5799944841071272,0.04793084516249291
1630174,Aaron Nesmith,1610612754,2023-24,635,315,770,728.2625943335171,41.737405666482914,6.57281978999731,-3.781478998409838,16.65174197269058,1.2125984251968505,1.1468702272968774,0.6062992125984252,0.6306811644229663,0.5799944841071272,0.05068668031583912
200768,Kyle Lowry,1610612755,2023-24,377,163,424,399.9318420676298,24.068157932370184,6.384126772511984,-6.138761181585012,19.04003105753369,1.1246684350132625,1.0608271672881429,0.5623342175066313,0.5939024390243902,0.5799944841071272,0.013907954917263043
1628368,De'Aaron Fox,1610612758,2023-24,1548,720,1654,1556.8187687291163,97.1812312708837,6.277857317240549,0.056713085326433356,12.093325097868098,1.0684754521963824,1.0056968790239769,0.5342377260981912,0.5665314214578819,0.5799944841071272,-0.013463062649245239
1626172,Kevon Looney,1610612744,2023-24,232,139,278,263.93536118617163,14.064638813828367,6.062344316305331,-5.827385133679443,17.520114027121682,1.1982758620689655,1.1376524189059123,0.5991379310344828,0.6196200653012763,0.5799944841071272,0.03962558119414916
1629008,Michael Porter Jr.,1610612743,2023-24,1078,522,1264,1198.6670230361376,65.3329769638624,6.06057300221358,-1.1454818404075553,13.266550572928507,1.1725417439703154,1.1119360139481795,0.5862708719851577,0.6013837147418839,0.5799944841071272,0.02138923063475673
1629614,Andrew Nembhard,1610612754,2023-24,522,260,581,549.7138304051686,31.28616959483145,5.993519079469626,-3.4490315680681736,15.720930569412317,1.1130268199233717,1.0530916291286754,0.5565134099616859,0.5725889067759403,0.5799944841071272,-0.007405577331186852
1627783,Pascal Siakam,1610612754,2023-24,1271,681,1447,1370.9407794072044,76.05922059279555,5.984203036411924,0.19079466014503818,11.997862515167602,1.138473642800944,1.078631612436825,0.569236821400472,0.600938252470178,0.5799944841071272,0.020943768363050785
203967,Dario Saric,1610612744,2023-24,388,181,436,413.02448450236585,22.97551549763415,5.921524612792306,-5.304468998306587,17.92295850729579,1.1237113402061856,1.0644960940782624,0.5618556701030928,0.6003450526904784,0.5799944841071272,0.02035056858335127
202711,Bojan Bogdanovic,1610612752,2023-24,681,309,751,710.9018496676911,40.09815033230893,5.888127802101165,-3.8427855950023555,15.506964251228647,1.1027900146842877,1.0439087366632762,0.5513950073421439,0.5813330475782255,0.5799944841071272,0.0013385634710982863
1629027,Trae Young,1610612737,2023-24,1003,433,1041,982.7288443486592,58.27115565134079,5.809686505617227,-1.6644722921093742,13.562830730500139,1.0378863409770689,0.9797894759208965,0.5189431704885344,0.5850490278666981,0.5799944841071272,0.005054543759570929
1629021,Moritz Wagner,1610612753,2023-24,551,332,702,670.7101064340945,31.28989356590546,5.678746563685201,-2.8115719439251396,13.699015145517942,1.2740471869328494,1.2172597212959972,0.6370235934664247,0.6762652705061082,0.5799944841071272,0.09627078639898101
1629012,Collin Sexton,1610612762,2023-24,1038,506,1140,1082.5107163330729,57.48928366692712,5.538466634578721,-1.2978346212810365,12.38378539396868,1.0982658959537572,1.04288122960797,0.5491329479768786,0.60709526982012,0.5799944841071272,0.027100785712992792
202694,Marcus Morris Sr.,1610612739,2023-24,263,116,280,265.5103561700737,14.489643829926308,5.50937027753852,-10.573537822202992,19.72920319178601,1.064638783269962,1.0095450804945767,0.532319391634981,0.5575945793337097,0.5799944841071272,-0.022399904773417467
1627832,Fred VanVleet,1610612745,2023-24,1013,423,1073,1017.3158383592272,55.6841616407728,5.496955739464244,-2.5916713210259785,13.02867373955836,1.0592300098716683,1.0042604524770258,0.5296150049358341,0.5675926919088992,0.5799944841071272,-0.012401792198228012
1629639,Tyler Herro,1610612748,2023-24,735,324,780,740.0244884253204,39.97551157467956,5.4388451122013,-3.697373634933646,14.566061918073375,1.0612244897959184,1.0068360386739053,0.5306122448979592,0.5581496223719126,0.5799944841071272,-0.021844861735214605
1626167,Myles Turner,1610612754,2023-24,908,476,1068,1018.750600528736,49.24939947126404,5.4239426730467,-1.8877039635303476,12.788853602428345,1.1762114537444934,1.1219720270140263,0.5881057268722467,0.6261445139630704,0.5799944841071272,0.046150029855943187
1628374,Lauri Markkanen,1610612762,2023-24,890,427,1029,982.010965961901,46.98903403809902,5.279666745853823,-2.8783284049232725,13.471067985322843,1.1561797752808989,1.1033831078223606,0.5780898876404494,0.6314978060639601,0.5799944841071272,0.05150332195683294
203084,Harrison Barnes,1610612758,2023-24,732,347,843,805.6704769590161,37.32952304098387,5.099661617620748,-3.3588903999915063,13.924923307278428,1.151639344262295,1.1006427280860875,0.5758196721311475,0.6110676574110285,0.5799944841071272,0.031073173303901358
1641717,Cason Wallace,1610612760,2023-24,442,217,532,510.07438991411004,21.925610085889957,4.960545268300896,-6.435857040871085,16.89447673153995,1.2036199095022624,1.1540144568192534,0.6018099547511312,0.6120712228332025,0.5799944841071272,0.032076738726075305
1629675,Naz Reid,1610612750,2023-24,850,406,981,940.7711569516088,40.22884304839124,4.732805064516617,-3.321413189202678,12.858618362686336,1.1541176470588235,1.1067895964136574,0.5770588235294117,0.5949002314107322,0.5799944841071272,0.014905747303605055
1627752,Taurean Prince,1610612747,2023-24,569,253,647,620.7079458799508,26.292054120049215,4.620747648514801,-6.752497310708229,15.486677676185733,1.1370826010544814,1.0908751245693336,0.5685413005272407,0.5789805954279639,0.5799944841071272,-0.0010138886791632995
1629627,Zion Williamson,1610612740,2023-24,1094,624,1254,1203.8474627396868,50.15253726031324,4.5843269890597105,-0.8828590267609854,10.046649074050757,1.146252285191956,1.100409015301359,0.573126142595978,0.6104349682772083,0.5799944841071272,0.03044048417008116
201587,Nicolas Batum,1610612755,2023-24,255,116,305,293.32016110269,11.679838897309992,4.580328979337252,-12.565472331983756,20.86152750672726,1.196078431372549,1.1502751415791765,0.5980392156862745,0.6032272658724174,0.5799944841071272,0.0232327817652902
202710,Jimmy Butler III,1610612748,2023-24,793,396,852,817.4125478128576,34.58745218714239,4.36159548387672,-3.303816731865654,11.726324270537837,1.0744010088272384,1.030785053988471,0.5372005044136192,0.6261558253598134,0.5799944841071272,0.04616134125268623
1629312,Haywood Highsmith,1610612748,2023-24,329,153,382,367.90778758182614,14.092212418173858,4.283347239566522,-9.572563160535074,17.415250600662414,1.1610942249240122,1.118260752528347,0.5805471124620061,0.5872288597610487,0.5799944841071272,0.007234375653921488
1629684,Grant Williams,1610612766,2023-24,605,276,678,652.5463705889549,25.453629411045085,4.207211472900014,-4.937095591248098,14.713175605133001,1.1206611570247933,1.0785890422957933,0.5603305785123966,0.588058805880588,0.5799944841071272,0.008064321773460836
1630170,Devin Vassell,1610612759,2023-24,1055,498,1162,1118.2462036543589,43.75379634564115,4.147279274468355,-2.909121736052587,11.149229447694417,1.1014218009478673,1.0599490082031837,0.5507109004739337,0.5780119534444794,0.5799944841071272,-0.0019825306626477524
1631323,Simone Fontecchio,1610612765,2023-24,548,252,638,615.4452409797369,22.554759020263077,4.115831938004211,-6.581137889869594,13.996682779631815,1.1642335766423357,1.1230752572622937,0.5821167883211679,0.5996118120061001,0.5799944841071272,0.01961732789897297
204001,Kristaps Porziņģis,1610612738,2023-24,750,388,886,855.3343032753202,30.665696724679833,4.088759563290644,-4.526061576787249,12.18092205678976,1.1813333333333333,1.140445737700427,0.5906666666666667,0.6469803815206582,0.5799944841071272,0.066985897413531
203110,Draymond Green,1610612744,2023-24,372,185,421,405.8811483855869,15.118851614413074,4.0642074232293215,-7.195509818720466,15.405401679294135,1.131720430107527,1.0910783558752337,0.5658602150537635,0.587057543998418,0.5799944841071272,0.007063059891290857
1626168,Trey Lyles,1610612758,2023-24,318,143,370,357.2372194564335,12.762780543566521,4.0134530011215475,-10.030381632740902,19.134972815214986,1.1635220125786163,1.1233874825674008,0.5817610062893082,0.5955088118249005,0.5799944841071272,0.01551432771777328
1630591,Jalen Suggs,1610612753,2023-24,713,336,825,796.5186251977744,28.48137480222556,3.9945827212097558,-4.555605005222029,13.88862325132492,1.1570827489481066,1.117136921736009,0.5785413744740533,0.6024481242972504,0.5799944841071272,0.022453640190123192
1628369,Jayson Tatum,1610612738,2023-24,1426,672,1573,1516.0893137824178,56.910686217582224,3.9909317123129187,-1.9302898159695776,10.614553604600347,1.1030855539971949,1.0631762368740658,0.5515427769985974,0.604068876620376,0.5799944841071272,0.024074392513248832
1630540,Miles McBride,1610612752,2023-24,453,205,519,501.0306381808759,17.969361819124117,3.966746538437995,-7.480889239189728,16.049766205313993,1.1456953642384107,1.1060278988540306,0.5728476821192053,0.5903361344537815,0.5799944841071272,0.010341650346654352
1630230,Naji Marshall,1610612740,2023-24,361,169,395,380.77932235171033,14.220677648289666,3.939245885952816,-7.796698771292603,15.628294979175084,1.0941828254847645,1.0547903666252363,0.5470914127423823,0.5755360142278431,0.5799944841071272,-0.00445846987928411
201567,Kevin Love,1610612748,2023-24,358,158,400,386.4501247965089,13.549875203491126,3.784881341757298,-9.520160912285755,17.650051477171992,1.1173184357541899,1.079469622336617,0.5586592178770949,0.5965266161566467,0.5799944841071272,0.016532132049519532
1631218,Trayce Jackson-Davis,1610612744,2023-24,332,233,466,453.4704259532026,12.529574046797393,3.7739680863847567,-5.56425991276358,12.609097535058615,1.4036144578313252,1.3658747769674777,0.7018072289156626,0.6921657095980313,0.5799944841071272,0.11217122549090408
201942,DeMar DeRozan,1610612741,2023-24,1355,650,1375,1324.8164102982287,50.183589701771325,3.7035859558502824,-1.5756515818939096,9.03375158782053,1.014760147601476,0.9777242880429732,0.507380073800738,0.5839510429236339,0.5799944841071272,0.0039565588165066945
1627936,Alex Caruso,1610612741,2023-24,541,253,642,622.0274428530582,19.972557146941767,3.6917850548875726,-7.135387138262718,14.91089970526314,1.1866913123844731,1.1497734618355975,0.5933456561922366,0.6129552156916536,0.5799944841071272,0.03296073158452639
1627759,Jaylen Brown,1610612738,2023-24,1256,627,1399,1352.9101438809275,46.089856119072465,3.6695745317732857,-2.271447774555977,10.666749982308456,1.1138535031847134,1.0771577578669804,0.5569267515923567,0.579971181556196,0.5799944841071272,-2.330255093119238e-05
1630558,Davion Mitchell,1610612758,2023-24,323,146,349,337.21361882639343,11.786381173606571,3.6490344190732418,-10.046498853315262,17.18102582481791,1.0804953560371517,1.0440050118464193,0.5402476780185759,0.5549373316153215,0.5799944841071272,-0.025057152491805623
202722,Davis Bertans,1610612766,2023-24,233,92,260,251.62432999673348,8.37567000326652,3.594708155908378,-13.806975297767439,21.81297132392936,1.1158798283261802,1.0799327467670965,0.5579399141630901,0.5834540479639465,0.5799944841071272,0.0034595638568193365
1626166,Cameron Payne,1610612755,2023-24,480,208,520,503.0915412816535,16.90845871834648,3.5225955663221833,-7.882120152027377,14.682899010747077,1.0833333333333333,1.0481073776701115,0.5416666666666666,0.5661338348221282,0.5799944841071272,-0.013860649284998972
1627777,Georges Niang,1610612739,2023-24,632,284,717,694.8734123652982,22.126587634701764,3.501042347262937,-6.525670286695516,13.42372600134961,1.134493670886076,1.0994832474134466,0.567246835443038,0.5832320777642771,0.5799944841071272,0.0032375936571499286
1630208,Nick Richards,1610612766,2023-24,376,260,520,507.55376164480856,12.44623835519144,3.310169775316872,-4.878517615089184,11.405135119140372,1.3829787234042554,1.3498770256510866,0.6914893617021277,0.7168616413053039,0.5799944841071272,0.13686715719817677
1627741,Buddy Hield,1610612755,2023-24,850,371,961,934.3195075345774,26.680492465422617,3.138881466520308,-5.893985868091349,12.118683571788008,1.1305882352941177,1.0991994206289146,0.5652941176470588,0.5782227498972555,0.5799944841071272,-0.0017717342098716449
203914,Gary Harris,1610612753,2023-24,296,131,338,329.0134643340452,8.986535665954818,3.03599177903879,-11.268240937099957,18.542490331994355,1.1418918918918919,1.111531974101504,0.5709459459459459,0.5871212121212122,0.5799944841071272,0.007126728014084982
1630530,Trey Murphy III,1610612740,2023-24,621,275,719,700.922056231457,18.077943768543037,2.9111020561260927,-7.862865145887111,12.3810091995676,1.1578099838969405,1.1286989633356794,0.5789049919484702,0.6124170836727568,0.5799944841071272,0.03242259956562965
1631096,Chet Holmgren,1610612760,2023-24,953,505,1139,1111.4724027251648,27.527597274835216,2.8885201757434644,-3.5694954937015644,10.402939955216569,1.1951731374606507,1.1662879357032159,0.5975865687303253,0.6317504655493482,0.5799944841071272,0.051755981442221044
201572,Brook Lopez,1610612749,2023-24,755,366,880,858.2127503181089,21.787249681891126,2.8857284346875662,-5.57451161294281,11.847647601996957,1.1655629139072847,1.1367056295604092,0.5827814569536424,0.6081379920389208,0.5799944841071272,0.028143507931793654
201935,James Harden,1610612746,2023-24,822,352,890,866.8087928177376,23.19120718226236,2.821314742367684,-6.381131341854311,11.257595340121496,1.0827250608272505,1.0545119134035739,0.5413625304136253,0.612311991452289,0.5799944841071272,0.03231750734516181
1630578,Alperen Sengun,1610612745,2023-24,981,527,1087,1059.7732192697179,27.226780730282144,2.775410879743338,-3.2046892019825384,9.897058507994375,1.1080530071355759,1.0802988983381425,0.5540265035677879,0.58537400605165,0.5799944841071272,0.005379521944522847
203507,Giannis Antetokounmpo,1610612749,2023-24,1369,837,1708,1670.0203310831794,37.97966891682063,2.7742636170066204,-2.0362522681083695,7.368239379513287,1.2476260043827612,1.2198833682126948,0.6238130021913806,0.6485394727625097,0.5799944841071272,0.0685449886553825
1630529,Herbert Jones,1610612740,2023-24,587,293,700,684.0189043608756,15.981095639124419,2.7225035160348243,-7.599430554232187,12.351846546847444,1.192504258943782,1.1652792237834337,0.596252129471891,0.6364825404550432,0.5799944841071272,0.05648805634791598
1630193,Immanuel Quickley,1610612761,2023-24,894,388,947,923.5300525604409,23.469947439559064,2.625273762814213,-6.185132503389665,11.130198429752923,1.0592841163310962,1.0330313787029541,0.5296420581655481,0.5769614693551607,0.5799944841071272,-0.0030330147519664896
1631204,Marcus Sasser,1610612765,2023-24,512,219,528,514.5654217253644,13.434578274635555,2.623941069264757,-7.579755657856866,13.516880683817254,1.03125,1.0050105893073524,0.515625,0.5415496081620583,0.5799944841071272,-0.038444875945068846
1630217,Desmond Bane,1610612763,2023-24,775,360,857,836.8593200764489,20.140679923551147,2.5987974094904707,-5.5111402157172185,10.771517382987728,1.1058064516129031,1.0798184775179984,0.5529032258064516,0.588659014689906,0.5799944841071272,0.008664530582778829
1628392,Isaiah Hartenstein,1610612752,2023-24,365,235,471,461.521904417944,9.478095582056028,2.5967385156317886,-6.553341591989881,12.227696345920585,1.2904109589041095,1.2644435737477917,0.6452054794520548,0.6703833394765942,0.5799944841071272,0.09038885536946706
1631107,Nikola Jović,1610612748,2023-24,281,127,319,311.7898251566599,7.2101748433400985,2.565898520761601,-11.954389236639225,17.759052431195624,1.1352313167259787,1.1095723315183625,0.5676156583629893,0.5833996287456907,0.5799944841071272,0.003405144638563562
1628963,Marvin Bagley III,1610612764,2023-24,408,239,487,476.6170757581618,10.382924241838225,2.544834372999565,-6.401211647282006,11.36517069221587,1.1936274509803921,1.1681791072503964,0.5968137254901961,0.6289918867598826,0.5799944841071272,0.04899740265275543
1629014,Anfernee Simons,1610612757,2023-24,837,360,876,855.5271268947657,20.47287310523427,2.445982449848778,-5.824471355795953,10.671187295388703,1.0465949820788532,1.0221351575803652,0.5232974910394266,0.5675610715378228,0.5799944841071272,-0.012433412569304414
203484,Kentavious Caldwell-Pope,1610612743,2023-24,587,270,665,650.6906978584112,14.309302141588773,2.437700535193999,-7.774988220881189,12.948184762906552,1.132879045996593,1.1085020406446529,0.5664395229982965,0.6015202914939063,0.5799944841071272,0.021525807386779117
1628378,Donovan Mitchell,1610612739,2023-24,1089,503,1188,1161.633489087066,26.366510912934018,2.4211672096358146,-4.385196599262333,9.871474675914788,1.0909090909090908,1.0666974188127327,0.5454545454545454,0.5952380952380952,0.5799944841071272,0.01524361113096806
1641764,Brandin Podziemski,1610612744,2023-24,597,271,632,617.5508504536823,14.449149546317699,2.4202930563346228,-6.77434321738444,12.044207356351608,1.0586264656616415,1.0344235350982953,0.5293132328308208,0.5397619349119919,0.5799944841071272,-0.0402325491951353
1627739,Kris Dunn,1610612762,2023-24,312,147,335,327.46102989799624,7.538970102003759,2.416336571155051,-9.71481041725209,15.928872893632343,1.0737179487179487,1.0495545830063981,0.5368589743589743,0.5457380457380457,0.5799944841071272,-0.03425643836908143
203992,Bogdan Bogdanović,1610612737,2023-24,1097,471,1182,1156.1229965446385,25.877003455361546,2.358888191008345,-5.342207970162302,10.015188030649144,1.0774840474020055,1.053895165491922,0.5387420237010028,0.5686083811083811,0.5799944841071272,-0.011386102998746095
1629731,Dean Wade,1610612739,2023-24,232,96,271,265.54918534028303,5.450814659716968,2.3494890774642103,-16.151383335115785,19.702859505366412,1.168103448275862,1.14460855750122,0.584051724137931,0.5976832073611568,0.5799944841071272,0.017688723254029592
1629636,Darius Garland,1610612739,2023-24,841,375,882,862.6427201403314,19.35727985966855,2.301697961910648,-5.39083172263655,10.401358288491384,1.0487514863258025,1.025734506706696,0.5243757431629013,0.5599128540305011,0.5799944841071272,-0.02008163007662611
1629631,De'Andre Hunter,1610612737,2023-24,663,304,725,710.209656098153,14.790343901846995,2.230821101334388,-6.263835264210842,11.933243208732133,1.0935143288084463,1.0712061177951027,0.5467571644042232,0.5946025305643051,0.5799944841071272,0.014608046457177948
201569,Eric Gordon,1610612756,2023-24,618,274,698,684.5412726746188,13.458727325381233,2.1777875931037594,-7.79091138019449,12.052436669206093,1.1294498381877023,1.1076719622566646,0.5647249190938511,0.5795778135446329,0.5799944841071272,-0.00041667056249428125
1627749,Dejounte Murray,1610612737,2023-24,1463,672,1545,1514.0042206631747,30.995779336825308,2.1186452041575743,-3.730989529417359,8.242625800935537,1.0560492139439508,1.0348627619023751,0.5280246069719754,0.5553513951897002,0.5799944841071272,-0.024643088917426947
1628978,Donte DiVincenzo,1610612752,2023-24,1003,445,1173,1152.8241657520896,20.175834247910416,2.0115487784556745,-6.2617287736601215,10.810510810817684,1.1694915254237288,1.1493760376391722,0.5847457627118644,0.5971579266904454,0.5799944841071272,0.017163442583318256
1628381,John Collins,1610612762,2023-24,746,397,880,865.0765684590729,14.92343154092714,2.000459992081386,-5.251541566827127,9.876433667564598,1.1796246648793565,1.1596200649585426,0.5898123324396782,0.6206188058979938,0.5799944841071272,0.04062432179086661
1629638,Nickeil Alexander-Walker,1610612750,2023-24,537,236,603,592.6576916443453,10.342308355654723,1.9259419656712704,-8.491163951721798,13.356330689340693,1.1229050279329609,1.1036456082762482,0.5614525139664804,0.5780091775503,0.5799944841071272,-0.00198530655682716
1630544,Tre Mann,1610612766,2023-24,316,145,337,331.5009463212216,5.4990536787784094,1.7402068603729144,-11.99545567646689,14.612648683638824,1.0664556962025316,1.0490536275988025,0.5332278481012658,0.5585448590478419,0.5799944841071272,-0.02144962505928527
1630163,LaMelo Ball,1610612766,2023-24,423,183,436,428.6509164027248,7.3490835972751825,1.7373720088120999,-9.495384718722692,12.969317525101502,1.0307328605200945,1.0133591404319735,0.5153664302600472,0.5610546974997866,0.5799944841071272,-0.018939786607340525
1626204,Larry Nance Jr.,1610612740,2023-24,238,138,303,299.1657432434986,3.834256756501418,1.6110322506308479,-12.423094480639895,15.580587338071654,1.273109243697479,1.2569989211911705,0.6365546218487395,0.6533751493428913,0.5799944841071272,0.07338066523576414
1627763,Malcolm Brogdon,1610612757,2023-24,496,218,518,511.013032400051,6.9869675999490255,1.408662822570368,-9.461002305026362,11.201591813558226,1.0443548387096775,1.0302682104839738,0.5221774193548387,0.5602880959344838,0.5799944841071272,-0.019706388172643363
1630166,Deni Avdija,1610612764,2023-24,802,406,900,889.245150751678,10.754849248321989,1.3410036469229412,-6.118497352313612,8.591454981132808,1.1221945137157108,1.1087844772464812,0.5610972568578554,0.5968888118554467,0.5799944841071272,0.01689432774831956
1630541,Moses Moody,1610612744,2023-24,420,194,460,454.4780328693006,5.521967130699409,1.3147540787379544,-10.335647592884872,12.583419515148996,1.0952380952380953,1.0820905544507158,0.5476190476190477,0.5781914432005554,0.5799944841071272,-0.0018030409065717956
1630560,Cam Thomas,1610612751,2023-24,1189,526,1196,1181.569026598672,14.430973401327947,1.2137067620965474,-5.492202742977686,7.623779849817351,1.0058873002523128,0.9937502326313474,0.5029436501261564,0.5542424605074198,0.5799944841071272,-0.025752023599707408
1626220,Royce O'Neale,1610612756,2023-24,534,214,584,578.0385520195758,5.961447980424168,1.1163760262966607,-10.195526055922821,13.296183200480176,1.0936329588014981,1.0824691985385315,0.5468164794007491,0.5483405483405484,0.5799944841071272,-0.03165393576657882
1629661,Cameron Johnson,1610612751,2023-24,619,276,690,683.530961486145,6.4690385138550255,1.0450789198473385,-8.385581071446966,10.605536871315794,1.1147011308562198,1.1042503416577463,0.5573505654281099,0.5817440326256447,0.5799944841071272,0.0017495485185174964
1630245,Ayo Dosunmu,1610612741,2023-24,719,360,839,833.1941651250966,5.805834874903439,0.8074874652160555,-8.04156100872389,9.95289831857593,1.1668984700973575,1.1588235954451969,0.5834492350486787,0.6037637219027705,0.5799944841071272,0.023769237795643328
1626196,Josh Richardson,1610612748,2023-24,346,154,374,371.35809666140375,2.6419033385962507,0.7635558782070089,-12.323408627420221,14.028266707526162,1.0809248554913296,1.0732892967092593,0.5404624277456648,0.5731470493041321,0.5799944841071272,-0.0068474348029951
1631216,Caleb Houstan,1610612753,2023-24,206,80,232,230.5139541140487,1.486045885951313,0.721381498034618,-17.968566636553216,19.68718029927363,1.1262135922330097,1.1189997772526634,0.5631067961165048,0.5817696835908757,0.5799944841071272,0.0017751994837484908
1629018,Gary Trent Jr.,1610612761,2023-24,847,361,900,894.923005151922,5.076994848078016,0.599409072972611,-7.452204117760708,9.775193524112824,1.062573789846517,1.056579699116791,0.5312868949232585,0.5476586748234448,0.5799944841071272,-0.032335809283682404
1628386,Jarrett Allen,1610612739,2023-24,819,519,1038,1033.1645295715905,4.835470428409508,0.5904115297203306,-5.9044578196508075,6.942603605217576,1.2673992673992673,1.261495152102064,0.6336996336996337,0.6639433323582264,0.5799944841071272,0.08394884825109927
1631105,Jalen Duren,1610612765,2023-24,564,349,698,694.703637714205,3.2963622857949986,0.5844613981906025,-6.665058416270079,7.970273078189374,1.2375886524822695,1.2317440385003635,0.6187943262411347,0.6533155179914238,0.5799944841071272,0.07332103388429667
1629611,Terance Mann,1610612746,2023-24,492,254,579,576.6052163626755,2.394783637324508,0.4867446417326236,-9.780567522878497,10.228279187541776,1.1768292682926829,1.1719618218753567,0.5884146341463414,0.6151832460732984,0.5799944841071272,0.03518876196617127
1630200,Tre Jones,1610612759,2023-24,598,303,670,667.4918222711392,2.508177728860801,0.41942771385632116,-7.937184885836246,8.540970087261737,1.120401337792642,1.1162070606540788,0.560200668896321,0.5913302245674317,0.5799944841071272,0.0113357404603045
1631170,Jaime Jaquez Jr.,1610612748,2023-24,696,341,747,744.2139073314054,2.7860926685946197,0.400300670775089,-8.097103904881823,9.014801312639834,1.0732758620689655,1.0692728553612145,0.5366379310344828,0.5742894056847545,0.5799944841071272,-0.005705078422372667
1628370,Malik Monk,1610612758,2023-24,893,396,940,936.7203596578947,3.2796403421052673,0.3672609565627399,-7.498210279914313,8.179549818149292,1.0526315789473684,1.048958969381741,0.5263157894736842,0.5644833197721725,0.5799944841071272,-0.015511164334954697
203076,Anthony Davis,1610612747,2023-24,1283,713,1455,1450.7489956391269,4.251004360873139,0.33133315361443016,-5.269733880044296,5.527110065197975,1.1340607950116914,1.130747463475547,0.5670303975058457,0.6211755979974041,0.5799944841071272,0.0411811138902769
1641706,Brandon Miller,1610612766,2023-24,1081,476,1136,1133.961740629868,2.038259370131982,0.18855313322220002,-6.884296132457574,7.44670382530906,1.0508788159111933,1.0489932845789713,0.5254394079555966,0.5517116433156188,0.5799944841071272,-0.028282840791508335
1626179,Terry Rozier,1610612748,2023-24,997,442,1033,1032.0103996280561,0.9896003719438795,0.09925781062626675,-6.9756568173163735,7.4671579862665896,1.0361083249749248,1.035115746868662,0.5180541624874624,0.555238130345031,0.5799944841071272,-0.024756353762096173
1630191,Isaiah Stewart,1610612765,2023-24,382,186,439,438.6216904731015,0.37830952689847663,0.09903390756504625,-11.55646720261302,12.840618777949354,1.149214659685864,1.1482243206102134,0.574607329842932,0.5996661897949452,0.5799944841071272,0.019671705687818064
1629022,Lonnie Walker IV,1610612751,2023-24,491,208,520,519.5834696191098,0.4165303808902081,0.08483307146440083,-11.14436649524096,10.868845927563232,1.0590631364562118,1.058214805741568,0.5295315682281059,0.5454089118850877,0.5799944841071272,-0.03458557222203951
1630595,Cade Cunningham,1610612765,2023-24,1163,524,1167,1166.8982194191951,0.10178058080487062,0.008751554669378386,-6.158079877640816,6.946276636387695,1.003439380911436,1.0033518653647422,0.501719690455718,0.5456056416788344,0.5799944841071272,-0.034388842428292765
1628464,Daniel Theis,1610612746,2023-24,292,156,338,337.9908746162502,0.009125383749790217,0.0031251314211610333,-11.023850141014456,12.196675806935424,1.1575342465753424,1.1575029952611309,0.5787671232876712,0.5968253968253968,0.5799944841071272,0.01683091271826964
1628989,Kevin Huerter,1610612758,2023-24,560,248,619,619.3000249997913,-0.30002499979127606,-0.05357589281987073,-11.02573697689834,10.0209355283938,1.105357142857143,1.1058929017853416,0.5526785714285715,0.5639939381414893,0.5799944841071272,-0.016000545965637825
1630164,James Wiseman,1610612765,2023-24,304,187,374,374.4489146259799,-0.44891462597990994,-0.14766928486181247,-9.559098826009576,9.279761031949594,1.230263157894737,1.231739850743355,0.6151315789473685,0.6373613810449297,0.5799944841071272,0.0573668969378025
1631099,Keegan Murray,1610612758,2023-24,974,443,1069,1071.1437456315846,-2.1437456315845793,-0.22009708743168163,-7.768904182102602,7.46226652001152,1.0975359342915811,1.0997369051658978,0.5487679671457906,0.569175181630988,0.5799944841071272,-0.010819302476139159
1630178,Tyrese Maxey,1610612755,2023-24,1418,638,1488,1491.836949544683,-3.836949544682966,-0.2705888254360343,-6.018440000008224,5.926254655689633,1.0493653032440056,1.052071191498366,0.5246826516220028,0.5727550273761765,0.5799944841071272,-0.007239456730950722
1628398,Kyle Kuzma,1610612764,2023-24,1313,608,1367,1372.5323651164595,-5.532365116459459,-0.4213530172474836,-6.721634550676222,5.621826740321139,1.041127189642041,1.045340719814516,0.5205635948210205,0.5473706471168758,0.5799944841071272,-0.0326238369902514
1628436,Luke Kornet,1610612738,2023-24,203,142,285,285.8745752847811,-0.8745752847810877,-0.4308252634389595,-11.888799703732799,10.937851154124472,1.4039408866995073,1.408249139333897,0.7019704433497537,0.7364614570470983,0.5799944841071272,0.15646697293997114
1630590,Scotty Pippen Jr.,1610612763,2023-24,203,100,230,230.92647736279991,-0.9264773627999148,-0.4563927895566083,-16.724626315492163,15.415149953913106,1.1330049261083743,1.1375688540039404,0.5665024630541872,0.5963908450704226,0.5799944841071272,0.016396360963295442
202696,Nikola Vučević,1610612741,2023-24,1211,586,1264,1270.2367383353055,-6.2367383353055175,-0.5150072944100346,-6.709341815226699,5.959726437798688,1.0437654830718415,1.0489155560159418,0.5218827415359207,0.5403230895437622,0.5799944841071272,-0.03967139456336499
1630228,Jonathan Kuminga,1610612744,2023-24,862,456,965,970.1173584643988,-5.117358464398762,-0.593661074756237,-7.319882314012397,5.919097308455098,1.1194895591647331,1.1254261699122956,0.5597447795823666,0.5978501549981884,0.5799944841071272,0.017855670891061215
203924,Jerami Grant,1610612757,2023-24,850,383,877,883.1526882000711,-6.152688200071111,-0.7238456705966013,-8.706819512222626,7.43740875358515,1.031764705882353,1.039003162588319,0.5158823529411765,0.5732922777732761,0.5799944841071272,-0.006702206333851102
202699,Tobias Harris,1610612755,2023-24,951,463,1017,1024.2208501113566,-7.22085011135664,-0.7592902325296151,-7.302501991910494,6.595044556309654,1.0694006309148265,1.0769935332401226,0.5347003154574133,0.5762309518339842,0.5799944841071272,-0.0037635322731429666
1641707,Taylor Hendricks,1610612762,2023-24,240,108,269,270.9442041541195,-1.944204154119518,-0.8100850642164658,-16.01871502063127,15.025994352176447,1.1208333333333333,1.128934183975498,0.5604166666666667,0.5776230416205096,0.5799944841071272,-0.002371442486617581
1630162,Anthony Edwards,1610612750,2023-24,1557,718,1626,1640.7758968621765,-14.775896862176523,-0.9489978716876379,-6.709809329925387,4.432743308426471,1.0443159922928709,1.0538059710097474,0.5221579961464354,0.5753549285650102,0.5799944841071272,-0.004639555542116924
1629026,Kenrich Williams,1610612760,2023-24,279,131,318,320.9185180139454,-2.918518013945402,-1.046063804281506,-15.492341930426404,12.842071956017744,1.1397849462365592,1.1502455842793742,0.5698924731182796,0.5678641319541514,0.5799944841071272,-0.012130352152975754
203935,Marcus Smart,1610612763,2023-24,237,102,246,248.58031023885533,-2.5803102388553327,-1.0887384974073135,-15.976748576324098,16.349152492012813,1.0379746835443038,1.048862068518377,0.5189873417721519,0.5522855832441523,0.5799944841071272,-0.02770890086297484
1641854,Craig Porter Jr.,1610612739,2023-24,227,116,244,246.8294598363525,-2.8294598363524983,-1.2464580776883254,-14.992150500963838,12.597320304686905,1.0748898678414096,1.087354448618293,0.5374449339207048,0.5640436985433819,0.5799944841071272,-0.015950785563745296
1630183,Jaden McDaniels,1610612750,2023-24,626,307,700,707.8517445321269,-7.851744532126872,-1.2542722894771363,-10.057227333658162,8.124427396541403,1.1182108626198084,1.1307535855145796,0.5591054313099042,0.5710966262297061,0.5799944841071272,-0.008897857877421034
203081,Damian Lillard,1610612749,2023-24,1274,541,1302,1324.6600369263074,-22.660036926307384,-1.7786528199613332,-8.052585107417524,4.955367768396702,1.021978021978022,1.0397645501776354,0.510989010989011,0.5904228425450384,0.5799944841071272,0.010428358437911234
1630175,Cole Anthony,1610612753,2023-24,760,332,757,771.204114654725,-14.204114654725004,-1.8689624545690793,-9.650788345185774,6.4363443954910995,0.9960526315789474,1.0147422561246382,0.4980263157894737,0.5454524286313045,0.5799944841071272,-0.034542055475822675
1629632,Coby White,1610612741,2023-24,1207,541,1291,1313.9485143914837,-22.94851439148374,-1.9012853679771118,-9.255816570827603,4.9732686309342,1.0695940347970174,1.0886068884767885,0.5347970173985087,0.5701224119691702,0.5799944841071272,-0.009872072137956933
1630543,Isaiah Jackson,1610612754,2023-24,233,155,310,314.4579647929946,-4.457964792994574,-1.9132896107272848,-12.76440390281907,7.488273940568047,1.3304721030042919,1.3496049991115646,0.6652360515021459,0.6891463941269613,0.5799944841071272,0.10915191001983415
1626192,Pat Connaughton,1610612749,2023-24,347,151,384,390.879628443744,-6.879628443744025,-1.9826018569867507,-15.87827998964702,11.27061400998721,1.106628242074928,1.1264542606447954,0.553314121037464,0.5744658004939333,0.5799944841071272,-0.005528683613193919
1628389,Bam Adebayo,1610612748,2023-24,1017,530,1075,1096.1052883528569,-21.10528835285686,-2.0752495922179803,-8.14369762557811,3.997459386952288,1.0570304818092429,1.0777829777314227,0.5285152409046214,0.5756856007007615,0.5799944841071272,-0.0043088834063657044
203897,Zach LaVine,1610612741,2023-24,376,170,399,407.08897420699697,-8.088974206996966,-2.15132292739281,-14.112112576883122,9.266323211672214,1.0611702127659575,1.0826834420398856,0.5305851063829787,0.577945504604576,0.5799944841071272,-0.002048979502551118
1641733,Nick Smith Jr.,1610612766,2023-24,288,113,289,295.2825812779918,-6.282581277991824,-2.18145183263605,-16.681571226848856,13.589374304318152,1.0034722222222223,1.0252867405485828,0.5017361111111112,0.5108254397834912,0.5799944841071272,-0.06916904432363602
1628970,Miles Bridges,1610612766,2023-24,1208,559,1275,1301.6533027880969,-26.65330278809688,-2.2063992374252384,-8.597310644981569,3.8782956262018846,1.0554635761589404,1.0775275685331929,0.5277317880794702,0.5560928433268859,0.5799944841071272,-0.023901640780241262
203109,Jae Crowder,1610612749,2023-24,270,114,286,291.9726989655048,-5.972698965504776,-2.2121107279647316,-17.889180168573073,12.535990419402395,1.0592592592592593,1.0813803665389066,0.5296296296296297,0.54575986565911,0.5799944841071272,-0.03423461844801712
1630631,Jose Alvarado,1610612740,2023-24,344,142,362,369.7893214364123,-7.789321436412308,-2.264337626864043,-15.113893294125058,10.671215705045181,1.052325581395349,1.0749689576639894,0.5261627906976745,0.5395781233010765,0.5799944841071272,-0.04041636080605071
202704,Reggie Jackson,1610612743,2023-24,753,326,754,771.1387679555568,-17.138767955556773,-2.276064801534764,-10.700125163792514,5.77347411508787,1.00132802124834,1.0240886692636877,0.50066401062417,0.521198318149965,0.5799944841071272,-0.058796165957162194
1631117,Walker Kessler,1610612762,2023-24,350,229,462,470.84792489474165,-8.847924894741652,-2.5279785413547575,-11.293450493353484,5.831656358195189,1.32,1.3452797854135476,0.66,0.6625396500562775,0.5799944841071272,0.08254516594915029
1630182,Josh Green,1610612742,2023-24,374,179,430,439.715203279675,-9.715203279674995,-2.597647935741977,-15.353250712832414,9.310771074150605,1.1497326203208555,1.1757090996782753,0.5748663101604278,0.5876014834118473,0.5799944841071272,0.007606999304720086
1628969,Mikal Bridges,1610612751,2023-24,1289,563,1345,1380.857881432581,-35.85788143258105,-2.781837194149034,-8.843461789836198,3.1991020348436137,1.04344453064391,1.0712629025854004,0.521722265321955,0.5601752378826352,0.5799944841071272,-0.019819246224491938
1630168,Onyeka Okongwu,1610612737,2023-24,364,223,469,479.49769160551364,-10.497691605513637,-2.883981210305944,-13.096870356869786,8.237074994773725,1.2884615384615385,1.3173013505645979,0.6442307692307693,0.6742140178828958,0.5799944841071272,0.09421953377576864
1628971,Bruce Brown,1610612761,2023-24,582,278,609,626.082490133163,-17.08249013316299,-2.9351357617118543,-12.759479202366302,6.468601707637398,1.0463917525773196,1.0757431101944381,0.5231958762886598,0.5632447864945382,0.5799944841071272,-0.016749697612588932
1629002,Chimezie Metu,1610612765,2023-24,244,123,274,281.21698295711593,-7.216982957115931,-2.957779900457349,-15.8499718591124,10.621968096627684,1.1229508196721312,1.1525286186767045,0.5614754098360656,0.6099353321575544,0.5799944841071272,0.029940848050427182
1631095,Jabari Smith Jr.,1610612745,2023-24,830,378,894,918.8565133326182,-24.856513332618192,-2.9947606424841196,-10.90117788778161,5.300215188376794,1.0771084337349397,1.1070560401597809,0.5385542168674698,0.5708661417322834,0.5799944841071272,-0.009128342374843723
1631094,Paolo Banchero,1610612753,2023-24,1406,640,1399,1441.9229083661705,-42.92290836617053,-3.0528384328713036,-8.988793598798512,2.88267679555219,0.9950213371266002,1.0255497214553133,0.4975106685633001,0.5456877359403737,0.5799944841071272,-0.0343067481667535
1628415,Dillon Brooks,1610612745,2023-24,766,329,791,815.5957552224662,-24.59575522246621,-3.210934102149636,-11.569928654928807,5.175666802041871,1.0326370757180157,1.064746416739512,0.5163185378590078,0.5494307537109093,0.5799944841071272,-0.030563730396217847
203944,Julius Randle,1610612752,2023-24,836,395,866,892.8911133646554,-26.89111336465544,-3.2166403546238564,-10.15234142517618,5.027290825532059,1.0358851674641147,1.0680515710103533,0.5179425837320574,0.5686978779621832,0.5799944841071272,-0.011296606144943988
203471,Dennis Schröder,1610612751,2023-24,923,403,944,973.9495151583167,-29.94951515831667,-3.2448012089183824,-10.66010605440685,3.7231351041553187,1.0227518959913326,1.0551999080805163,0.5113759479956663,0.5496120385610157,0.5799944841071272,-0.03038244554611147
1628976,Wendell Carter Jr.,1610612753,2023-24,425,223,510,524.3064536862711,-14.306453686271084,-3.366224396769667,-13.592180773910258,7.371678458541012,1.2,1.2336622439676967,0.6,0.6229853706917927,0.5799944841071272,0.042990886584665544
203952,Andrew Wiggins,1610612744,2023-24,780,353,797,823.5074396319832,-26.507439631983175,-3.3983896964080995,-10.998033531945694,4.114008550222351,1.0217948717948717,1.0557787687589528,0.5108974358974359,0.5439316001668288,0.5799944841071272,-0.03606288394029833
1630532,Franz Wagner,1610612753,2023-24,1093,528,1150,1187.5581612068088,-37.55816120680879,-3.4362453071188277,-9.775352914681207,2.9994387685079684,1.052150045745654,1.0865124988168424,0.526075022872827,0.5746708078553172,0.5799944841071272,-0.005323676251809961
1641726,Dereck Lively II,1610612742,2023-24,296,221,442,452.63651269977953,-10.63651269977953,-3.5934164526282197,-13.131451267981229,5.107325198157488,1.4932432432432432,1.5291774077695255,0.7466216216216216,0.728199252201182,0.5799944841071272,0.1482047680940548
1630194,Paul Reed,1610612755,2023-24,480,259,539,556.2615055658496,-17.261505565849575,-3.5961469928853282,-12.933275552904234,5.292783444754062,1.1229166666666666,1.1588781365955199,0.5614583333333333,0.5798221878623889,0.5799944841071272,-0.0001722962447382459
1628380,Zach Collins,1610612759,2023-24,616,298,654,676.8955613934378,-22.895561393437788,-3.716811914519121,-12.310415886386675,5.282235363800971,1.0616883116883118,1.098856430833503,0.5308441558441559,0.5645442905366082,0.5799944841071272,-0.015450193570519022
1628449,Chris Boucher,1610612761,2023-24,217,110,251,259.06964377100763,-8.069643771007634,-3.7187298483906144,-18.743355156869516,11.36180969766635,1.1566820276497696,1.1938693261336757,0.5783410138248848,0.6252912847599813,0.5799944841071272,0.04529680065285413
1641871,Duop Reath,1610612757,2023-24,499,230,548,566.7306800208323,-18.730680020832324,-3.7536432907479607,-14.804337319056165,6.792077246830458,1.0981963927855711,1.1357328256930508,0.5490981963927856,0.5713809453252334,0.5799944841071272,-0.008613538781893748
201145,Jeff Green,1610612745,2023-24,362,167,387,400.6422496276102,-13.642249627610227,-3.7685772451961954,-15.847802126241252,8.173883761751297,1.069060773480663,1.106746545932625,0.5345303867403315,0.5897210121419965,0.5799944841071272,0.009726528034869286
201976,Patrick Beverley,1610612749,2023-24,379,158,377,391.9871208775668,-14.987120877566781,-3.95438545582237,-16.091042952735265,8.524146404909413,0.9947229551451188,1.0342668097033425,0.4973614775725594,0.5387004300047779,0.5799944841071272,-0.04129405410234932
203501,Tim Hardaway Jr.,1610612742,2023-24,974,392,995,1034.4429627168304,-39.44296271683038,-4.049585494541106,-11.79345167219336,4.345729911324846,1.0215605749486654,1.0620564298940764,0.5107802874743327,0.5421950569328612,0.5799944841071272,-0.03779942717426599
1630581,Josh Giddey,1610612760,2023-24,847,402,886,923.7836793968567,-37.783679396856655,-4.460883045673749,-12.046715470389248,2.535451975024951,1.0460448642266824,1.09065369468342,0.5230224321133412,0.5468299392164693,0.5799944841071272,-0.0331645448906579
1631108,Max Christie,1610612747,2023-24,240,103,248,258.8086256740335,-10.808625674033522,-4.5035940308473,-19.84402200997819,10.673444997486769,1.0333333333333334,1.0783692736418062,0.5166666666666667,0.5435614760373603,0.5799944841071272,-0.0364330080697669
1629651,Nic Claxton,1610612751,2023-24,582,366,733,759.4356866626625,-26.435686662662533,-4.542214203206621,-11.468619881180647,2.202390716660527,1.2594501718213058,1.304872313853372,0.6297250859106529,0.6292649347539806,0.5799944841071272,0.049270450646853425
1629670,Jordan Nwora,1610612761,2023-24,299,138,320,333.7110815213206,-13.71108152132058,-4.585645993752703,-17.328911887492314,8.665047871742384,1.0702341137123745,1.1160905736499016,0.5351170568561873,0.5646562422437329,0.5799944841071272,-0.015338241863394275
1630256,Jae'Sean Tate,1610612745,2023-24,229,108,239,249.58496054416858,-10.584960544168581,-4.622253512737371,-18.990056900096707,10.340316946489061,1.0436681222707425,1.089890657398116,0.5218340611353712,0.5382677933051674,0.5799944841071272,-0.04172669080195979
1629673,Jordan Poole,1610612764,2023-24,1182,490,1164,1219.6889360655744,-55.68893606557435,-4.711415910793092,-11.187202650280017,2.3325721942619855,0.9847715736040609,1.031885732711992,0.49238578680203043,0.5287126859852148,0.5799944841071272,-0.05128179812191236
1629013,Landry Shamet,1610612764,2023-24,274,118,289,302.0868164234979,-13.086816423497908,-4.776210373539382,-18.504090262169086,9.685428485332,1.0547445255474452,1.1025066292828392,0.5273722627737226,0.5556688417618271,0.5799944841071272,-0.024325642345300102
1629652,Luguentz Dort,1610612760,2023-24,657,288,732,763.604609206099,-31.604609206098985,-4.810442801537136,-14.20989509177169,4.848357740032606,1.1141552511415524,1.162259679156924,0.5570776255707762,0.5929398786541643,0.5799944841071272,0.012945394547037137
1629628,RJ Barrett,1610612761,2023-24,880,436,962,1004.8956752228075,-42.89567522280754,-4.874508548046311,-11.88470617921522,2.316088576178931,1.0931818181818183,1.1419269036622812,0.5465909090909091,0.5803341137256458,0.5799944841071272,0.00033962961851863316
1630201,Malachi Flynn,1610612765,2023-24,325,136,328,344.1253409559489,-16.1253409559489,-4.9616433710612,-18.500874940489865,7.298623409077355,1.0092307692307692,1.0588472029413811,0.5046153846153846,0.5333483045138109,0.5799944841071272,-0.046646179593316295
1630596,Evan Mobley,1610612739,2023-24,552,320,662,689.6532894747658,-27.653289474765756,-5.009653890356115,-12.62515134863497,3.848875520911285,1.1992753623188406,1.2493719012224018,0.5996376811594203,0.6257572858873797,0.5799944841071272,0.04576280178025249
1628470,Torrey Craig,1610612741,2023-24,251,108,276,288.6100206404039,-12.610020640403889,-5.023912605738601,-21.068422554809388,10.684383633500286,1.099601593625498,1.149840719682884,0.549800796812749,0.5677559586268925,0.5799944841071272,-0.01223852548023463
1628975,Jevon Carter,1610612741,2023-24,365,138,353,371.58924492808944,-18.589244928089443,-5.092943815914916,-18.120724492015754,8.15794086360335,0.9671232876712329,1.018052725830382,0.48356164383561645,0.4849489241469246,0.5799944841071272,-0.09504555996020259
1641715,Cam Whitmore,1610612745,2023-24,465,212,503,526.6862710331443,-23.686271033144294,-5.093821727557913,-16.14832120280815,5.309215233512689,1.081720430107527,1.132658647383106,0.5408602150537635,0.5607422328968777,0.5799944841071272,-0.019252251210249427
1631097,Bennedict Mathurin,1610612754,2023-24,663,296,672,706.3184439362241,-34.31844393622407,-5.176235887816602,-13.646682993122,4.361906636818482,1.0135746606334841,1.0653370195116503,0.5067873303167421,0.5620043069488944,0.5799944841071272,-0.017990177158232812
203903,Jordan Clarkson,1610612762,2023-24,809,337,765,807.2659064562299,-42.265906456229914,-5.224463097185404,-12.989455766772956,2.709347275945097,0.9456118665018541,0.9978564974737082,0.47280593325092707,0.520764229799655,0.5799944841071272,-0.0592302543074722
1626174,Christian Wood,1610612747,2023-24,264,123,281,295.19866695076684,-14.198666950766835,-5.378282935896529,-19.49185502193227,9.052028584099507,1.0643939393939394,1.1181767687529047,0.5321969696969697,0.5681818181818181,0.5799944841071272,-0.011812665925309052
1631246,Vince Williams Jr.,1610612763,2023-24,379,169,417,437.56425434518565,-20.564254345185645,-5.425924629336582,-17.209854087652655,8.083011423833018,1.1002638522427441,1.15452309853611,0.5501319261213721,0.5972031178358551,0.5799944841071272,0.01720863372872794
1628384,OG Anunoby,1610612752,2023-24,577,282,666,698.0243622313619,-32.02436223136192,-5.550149433511598,-15.692620620177191,3.8736032735975874,1.1542461005199307,1.2097475948550467,0.5771230502599654,0.5948130355751753,0.5799944841071272,0.014818551468048113
1628997,Caleb Martin,1610612748,2023-24,558,241,563,594.3216494333585,-31.321649433358516,-5.61319882318253,-14.822690708084426,4.331498027219844,1.0089605734767024,1.0650925617085278,0.5044802867383512,0.5310674455655868,0.5799944841071272,-0.048927038541540346
203552,Seth Curry,1610612766,2023-24,203,80,198,209.40674307025074,-11.40674307025074,-5.619085256281153,-22.78272324105053,11.302467971333343,0.9753694581280788,1.0315603106908904,0.4876847290640394,0.5192060283036207,0.5799944841071272,-0.06078845580350645
1641718,Keyonte George,1610612762,2023-24,813,319,785,831.6766633902515,-46.67666339025152,-5.741287009871035,-13.65872216127644,2.429342390186387,0.965559655596556,1.0229725256952664,0.482779827798278,0.5333362537234975,0.5799944841071272,-0.046658230383629706
1631119,Jaylin Williams,1610612760,2023-24,228,95,243,256.27258220537107,-13.272582205371066,-5.821307984811871,-23.466197506211717,10.988972248707912,1.0657894736842106,1.1240025535323293,0.5328947368421053,0.5608844090391807,0.5799944841071272,-0.019110075067946486
1630552,Jalen Johnson,1610612737,2023-24,702,359,789,830.2481018240136,-41.24810182401359,-5.875797980628716,-13.347944753574206,2.164510351606501,1.123931623931624,1.182689603737911,0.561965811965812,0.5843376636928053,0.5799944841071272,0.004343179585678092
1629640,Keldon Johnson,1610612759,2023-24,862,391,909,960.6074427395466,-51.60744273954663,-5.986942313172462,-14.664723965563832,2.665557436981421,1.054524361948956,1.1143937850806804,0.527262180974478,0.5650306492640007,0.5799944841071272,-0.014963834843126467
1631093,Jaden Ivey,1610612765,2023-24,969,417,958,1016.5884312500439,-58.58843125004387,-6.046277734782649,-13.3311245580591,1.4677035170244093,0.9886480908152735,1.0491108681631,0.49432404540763675,0.5355593318388894,0.5799944841071272,-0.0444351522682378
1629234,Drew Eubanks,1610612756,2023-24,253,152,307,322.3542768030287,-15.35427680302871,-6.068884111869056,-18.043924822305573,5.042874792280776,1.2134387351778657,1.2741275762965563,0.6067193675889329,0.6447332607512248,0.5799944841071272,0.06473877664409766
202330,Gordon Hayward,1610612760,2023-24,403,187,411,435.8362990462151,-24.836299046215117,-6.162853361343702,-16.200664458966358,4.218785008359528,1.0198511166253101,1.0814796502387471,0.5099255583126551,0.5484861781483107,0.5799944841071272,-0.031508305958816485
1628991,Jaren Jackson Jr.,1610612763,2023-24,1156,516,1149,1220.9483318477246,-71.9483318477246,-6.223904139076523,-11.962314493584222,0.3877874430220022,0.9939446366782007,1.056183678068966,0.4969723183391003,0.5526300130905629,0.5799944841071272,-0.02736447101656425
1630567,Scottie Barnes,1610612761,2023-24,941,447,995,1054.2024169783747,-59.202416978374686,-6.291436448286364,-13.749793579418986,0.4500284108960825,1.057385759829968,1.1203001243128317,0.528692879914984,0.565827980692486,0.5799944841071272,-0.014166503414641207
1641711,Gradey Dick,1610612761,2023-24,443,189,466,494.74614331648377,-28.746143316483767,-6.488971403269474,-17.61134225965856,6.101631628143399,1.0519187358916477,1.1168084499243427,0.5259593679458239,0.5455245593017286,0.5799944841071272,-0.034469924805398566
203995,Vasilije Micic,1610612766,2023-24,370,159,361,385.4216428278938,-24.421642827893777,-6.600444007538858,-18.058278107812658,4.548390245093365,0.9756756756756757,1.0416801157510642,0.48783783783783785,0.5235732009925558,0.5799944841071272,-0.0564212831145714
1630538,Bones Hyland,1610612746,2023-24,251,97,238,254.72338644338265,-16.72338644338265,-6.662703762303845,-22.5383696930965,8.616725351867368,0.9482071713147411,1.0148342089377795,0.47410358565737054,0.49019607843137253,0.5799944841071272,-0.08979840567575464
1630171,Isaac Okoro,1610612739,2023-24,479,235,554,586.2812244583005,-32.28122445830047,-6.739295294008449,-18.11033023969647,3.854807595733918,1.1565762004175366,1.2239691533576211,0.5782881002087683,0.5987636040571556,0.5799944841071272,0.01876911995002839
1629048,Goga Bitadze,1610612753,2023-24,209,126,254,268.1315790453815,-14.1315790453815,-6.761521074345215,-18.87615538307928,5.266366724426075,1.215311004784689,1.2829262155281411,0.6076555023923444,0.6288417987706244,0.5799944841071272,0.04884731466349723
1641722,Jordan Hawkins,1610612740,2023-24,455,174,457,488.08067837365985,-31.08067837365985,-6.830918323881285,-17.431954924992688,4.838308086191501,1.0043956043956044,1.0727047876344173,0.5021978021978022,0.5333876221498371,0.5799944841071272,-0.046606861957290024
1628371,Jonathan Isaac,1610612753,2023-24,286,146,334,354.0411208919488,-20.04112089194882,-7.007384927254832,-19.98933457765985,5.402657429842501,1.167832167832168,1.2379060171047163,0.583916083916084,0.610096870342772,0.5799944841071272,0.030102386235644873
202692,Alec Burks,1610612752,2023-24,569,210,544,584.4043564686708,-40.40435646867081,-7.100941382894694,-16.810549391348747,3.801366861554535,0.9560632688927944,1.0270726827217413,0.4780316344463972,0.5362034615863529,0.5799944841071272,-0.04379102252077427
203937,Kyle Anderson,1610612750,2023-24,433,199,409,440.2293429950896,-31.22934299508961,-7.212319398404067,-17.11078332620534,2.7231203886973,0.9445727482678984,1.016695942251939,0.4722863741339492,0.5128932857606228,0.5799944841071272,-0.06710119834650441
1630224,Jalen Green,1610612745,2023-24,1329,563,1327,1424.3978532212122,-97.39785322121224,-7.328657127254496,-13.641725758763336,-1.0075124930000743,0.9984951091045899,1.071781680377135,0.49924755455229497,0.5414021306359625,0.5799944841071272,-0.03859235347116463
1630700,Dyson Daniels,1610612740,2023-24,310,139,320,342.7306555336538,-22.730655533653817,-7.332469526985102,-21.02284449455841,6.407421801884536,1.032258064516129,1.10558275978598,0.5161290322580645,0.5294328786791098,0.5799944841071272,-0.05056160542801735
1630583,Santi Aldama,1610612763,2023-24,568,247,600,641.7880386494957,-41.78803864949566,-7.3570490580098,-17.00768258153761,3.159012673148514,1.056338028169014,1.129908518749112,0.528169014084507,0.5393547535792044,0.5799944841071272,-0.0406397305279228
1630702,Jaden Hardy,1610612742,2023-24,478,195,471,506.2389845368942,-35.23898453689418,-7.372172497258196,-18.146032249214066,3.7300713764539344,0.9853556485355649,1.059077373508147,0.49267782426778245,0.5171337132152056,0.5799944841071272,-0.06286077089192155
1641710,Anthony Black,1610612753,2023-24,247,115,267,285.71948077170345,-18.719480771703445,-7.578737154535807,-21.954757794282493,6.140284018319611,1.0809716599190284,1.1567590314643865,0.5404858299595142,0.5598866052445075,0.5799944841071272,-0.020107878862619666
1629023,P.J. Washington,1610612742,2023-24,810,354,840,902.8824645591754,-62.882464559175446,-7.763267229527833,-15.540388930378752,0.618331785596704,1.037037037037037,1.1146697093323155,0.5185185185185185,0.5366941015089164,0.5799944841071272,-0.043300382598210785
1629680,Matisse Thybulle,1610612757,2023-24,316,126,332,356.6948224161644,-24.694822416164413,-7.814817220305194,-21.12635564097199,6.046328137197198,1.0506329113924051,1.128781083595457,0.5253164556962026,0.5367540029112081,0.5799944841071272,-0.043240481195919056
1631103,Malaki Branham,1610612759,2023-24,628,271,635,684.4245879811233,-49.424587981123295,-7.8701573218349195,-16.745932641697358,1.699623476333962,1.0111464968152866,1.089848070033636,0.5055732484076433,0.5261392057585554,0.5799944841071272,-0.05385527834857173
1631121,Bryce McGowens,1610612766,2023-24,230,101,236,254.41473609974855,-18.414736099748552,-8.006406999890675,-23.405545933535024,7.82699981149211,1.0260869565217392,1.1061510265206458,0.5130434782608696,0.5646970830216904,0.5799944841071272,-0.015297401085436757
1628365,Markelle Fultz,1610612753,2023-24,325,154,312,338.41376148651386,-26.413761486513863,-8.12731122661965,-19.09899074040593,2.7234393851023775,0.96,1.0412731122661965,0.48,0.4918947492070951,0.5799944841071272,-0.08809973490003209
1641729,Brice Sensabaugh,1610612762,2023-24,218,85,204,221.98073459497155,-17.98073459497155,-8.248043392188785,-24.627255692908218,7.846452947930613,0.9357798165137615,1.0182602504356493,0.46788990825688076,0.5105066937807151,0.5799944841071272,-0.06948779032641206
1629111,Jock Landale,1610612745,2023-24,206,106,222,239.1209263473187,-17.120926347318687,-8.311129294814897,-23.835851747413365,5.79653558348703,1.0776699029126213,1.1607811958607703,0.5388349514563107,0.5839727195225917,0.5799944841071272,0.003978235415464493
1641713,GG Jackson,1610612763,2023-24,563,241,584,633.1747160743707,-49.174716074370735,-8.734407828485033,-18.72917786591645,1.1147245497614309,1.0373001776198933,1.1246442559047438,0.5186500888099467,0.5544802639928924,0.5799944841071272,-0.025514220114234765
1631128,Christian Braun,1610612743,2023-24,482,222,507,550.4672054359927,-43.467205435992696,-9.018092414106368,-18.971712185140166,1.8469965924273466,1.0518672199170125,1.142048144058076,0.5259336099585062,0.5535463871872462,0.5799944841071272,-0.026448096919880926
203915,Spencer Dinwiddie,1610612747,2023-24,640,251,626,684.4711556203639,-58.4711556203639,-9.13611806568186,-18.664804088889664,0.3459104202170697,0.978125,1.0694861806568186,0.4890625,0.5427362097214637,0.5799944841071272,-0.037258274385663426
1627827,Dorian Finney-Smith,1610612751,2023-24,510,215,547,593.7729001737326,-46.77290017373264,-9.171156896810322,-19.27239880683799,1.3261073365311722,1.072549019607843,1.1642605885759463,0.5362745098039216,0.545892628567126,0.5799944841071272,-0.034101855540001225
203932,Aaron Gordon,1610612743,2023-24,715,398,836,902.66215032884,-66.66215032883997,-9.323377668369227,-15.831725358978304,-2.1030916989461086,1.1692307692307693,1.2624645459144614,0.5846153846153846,0.6070521117982646,0.5799944841071272,0.027057627691137398
1630165,Killian Hayes,1610612765,2023-24,283,117,256,282.54724631978377,-26.547246319783767,-9.380652409817586,-22.912861977482695,2.9453333579287997,0.9045936395759717,0.9984001636741476,0.45229681978798586,0.4737704918032787,0.5799944841071272,-0.10622399230384849
1629622,Max Strus,1610612739,2023-24,727,303,773,844.8600060563864,-71.8600060563864,-9.884457504317249,-18.892639233104983,-0.11708477668970811,1.0632737276478679,1.1621183026910404,0.5316368638239339,0.5534073804951471,0.5799944841071272,-0.026587103611980023
1630549,Day'Ron Sharpe,1610612751,2023-24,294,168,340,369.19497559426674,-29.194975594266737,-9.93026380757372,-20.43564618244104,-0.3004191839758893,1.1564625850340136,1.2557652231097507,0.5782312925170068,0.5960588302884063,0.5799944841071272,0.016064346181279165
1641705,Victor Wembanyama,1610612759,2023-24,1185,551,1230,1347.8131530788676,-117.81315307886757,-9.942038234503594,-16.13643687645322,-3.977856729057982,1.0379746835443038,1.1373950658893397,0.5189873417721519,0.5647579184848754,0.5799944841071272,-0.01523656562225173
1630172,Patrick Williams,1610612741,2023-24,359,159,377,412.7707552699713,-35.77075526997129,-9.963998682443256,-22.333604529737784,2.7289143326004512,1.0501392757660166,1.1497792625904493,0.5250696378830083,0.5527780641171013,0.5799944841071272,-0.027216419990025886
1627884,Derrick Jones Jr.,1610612742,2023-24,495,239,560,609.6220635614295,-49.62206356142951,-10.024659305339295,-20.588952774030567,0.6980508125446893,1.1313131313131313,1.2315597243665242,0.5656565656565656,0.592062576598659,0.5799944841071272,0.012068092491531845
1630537,Chris Duarte,1610612758,2023-24,210,80,204,225.15618034308415,-21.156180343084145,-10.07437159194483,-26.712400650441005,7.033090869554681,0.9714285714285714,1.0721722873480197,0.4857142857142857,0.512203812577944,0.5799944841071272,-0.06779067152918317
203497,Rudy Gobert,1610612750,2023-24,613,406,812,875.2075587579654,-63.207558757965444,-10.311184136699094,-16.964237416065284,-3.8283977359222576,1.3246329526916802,1.4277447940586712,0.6623164763458401,0.6752800407331976,0.5799944841071272,0.09528555662607041
203083,Andre Drummond,1610612741,2023-24,477,267,534,583.6364497903246,-49.636449790324605,-10.405964316629897,-18.75879766896797,-2.934642046228353,1.119496855345912,1.223556498512211,0.559748427672956,0.5756007778858175,0.5799944841071272,-0.0043937062213096345
203994,Jusuf Nurkić,1610612756,2023-24,627,320,662,727.4406145268866,-65.44061452688663,-10.437099605564057,-18.23654885048927,-2.9366142262412387,1.0558213716108453,1.1601923676664858,0.5279106858054227,0.5587458212013372,0.5799944841071272,-0.021248662905789972
1641739,Toumani Camara,1610612757,2023-24,438,197,452,501.0758224538837,-49.07582245388369,-11.204525674402669,-22.031129418111018,-1.3941621488979894,1.0319634703196348,1.1440087270636614,0.5159817351598174,0.5471799983387324,0.5799944841071272,-0.03281448576839474
1631101,Shaedon Sharpe,1610612757,2023-24,432,176,412,462.4884501545039,-50.48845015450388,-11.68714123946849,-23.1125998178001,-0.9462219611429632,0.9537037037037037,1.0705751160983885,0.47685185185185186,0.5243029854428818,0.5799944841071272,-0.05569149866424539
1629001,De'Anthony Melton,1610612755,2023-24,360,139,355,397.3718658092424,-42.37186580924242,-11.769962724789561,-24.308917752378854,0.8071132243630816,0.9861111111111112,1.1038107383590068,0.4930555555555556,0.5332353835241666,0.5799944841071272,-0.04675910058296062
1630577,Julian Champagnie,1610612759,2023-24,402,164,429,476.8211015428944,-47.82110154289438,-11.89579640370507,-24.762071653779433,1.6480813060479098,1.0671641791044777,1.1861221431415283,0.5335820895522388,0.5695172663171216,0.5799944841071272,-0.010477217790005544
1630625,Dalano Banton,1610612757,2023-24,500,202,463,522.6639783961097,-59.663978396109655,-11.932795679221933,-22.21037308276962,-2.2686827647288776,0.926,1.0453279567922193,0.463,0.5037988422575977,0.5799944841071272,-0.07619564184952943
1628972,Troy Brown Jr.,1610612765,2023-24,224,84,215,242.0320002442197,-27.032000244219688,-12.067857251883789,-28.024825992424482,4.929703577193946,0.9598214285714286,1.0805000010902666,0.4799107142857143,0.5097407957734852,0.5799944841071272,-0.07025368833364198
1629659,Talen Horton-Tucker,1610612762,2023-24,464,184,428,484.6940666809558,-56.694066680955814,-12.218548853654271,-22.573413817616522,-1.2002584664887088,0.9224137931034483,1.044599281639991,0.46120689655172414,0.5029631940112289,0.5799944841071272,-0.07703129009589826
1627747,Caris LeVert,1610612739,2023-24,820,345,798,900.7046593259919,-102.70465932599188,-12.524958454389253,-20.095306084075336,-5.090461161526315,0.973170731707317,1.0984203162512096,0.4865853658536585,0.5239751662190127,0.5799944841071272,-0.05601931788811443
1641708,Amen Thompson,1610612745,2023-24,445,239,486,542.5810147940871,-56.58101479408708,-12.714834785188108,-21.542784883925854,-3.3048404577118102,1.0921348314606742,1.2192831793125551,0.5460674157303371,0.5756514974718008,0.5799944841071272,-0.004342986635326396
1631133,Jabari Walker,1610612757,2023-24,508,234,509,575.2528306707392,-66.25283067073917,-13.041895801326609,-22.224680064996246,-4.288868600145974,1.0019685039370079,1.132387461950274,0.5009842519685039,0.5460084896617828,0.5799944841071272,-0.033985994445344336
1628404,Josh Hart,1610612752,2023-24,679,295,670,759.3818649641277,-89.38186496412766,-13.163750362905398,-21.86100577285509,-4.679748780465714,0.9867452135493373,1.1183827171783913,0.49337260677466865,0.5215186403508771,0.5799944841071272,-0.058475843756250034
1631222,Jake LaRavia,1610612763,2023-24,302,118,289,330.23348314680817,-41.23348314680817,-13.653471240664958,-27.06904981052668,-0.5702509914551541,0.956953642384106,1.0934883547907555,0.478476821192053,0.53994757237292,0.5799944841071272,-0.04004691173420716
1630205,Lamar Stevens,1610612763,2023-24,239,108,230,263.3174354859026,-33.31743548590259,-13.94034957569146,-26.392838577938342,-0.06087832700913626,0.9623430962343096,1.1017465919912242,0.4811715481171548,0.5156202608431908,0.5799944841071272,-0.06437422326393638
1631212,Peyton Watson,1610612743,2023-24,442,208,461,523.7617580556885,-62.76175805568846,-14.199492772780195,-23.543738637490996,-4.384944992009882,1.0429864253393666,1.1849813530671685,0.5214932126696833,0.5388542257515598,0.5799944841071272,-0.04114025835556734
1629723,John Konchar,1610612763,2023-24,208,88,214,244.28450344927242,-30.28450344927242,-14.559857427534817,-30.035399666332477,0.6402399506897959,1.0288461538461537,1.174444728121502,0.5144230769230769,0.5365296803652968,0.5799944841071272,-0.04346480374183037
201566,Russell Westbrook,1610612746,2023-24,663,301,644,740.9148065611877,-96.91480656118767,-14.617617882532077,-22.690069400462516,-6.232336101738021,0.971342383107089,1.1175185619324097,0.4856711915535445,0.514044177802018,0.5799944841071272,-0.06595030630510912
1630173,Precious Achiuwa,1610612752,2023-24,469,235,496,564.6969431132001,-68.69694311320006,-14.647535845031998,-22.969885093938245,-5.390672530840266,1.0575692963752665,1.2040446548255865,0.5287846481876333,0.5450721617658408,0.5799944841071272,-0.03492232234128634
203095,Evan Fournier,1610612765,2023-24,221,79,191,223.42160225843995,-32.42160225843995,-14.670408261737533,-30.507261507931034,1.3044818844278128,0.8642533936651584,1.0109574762825337,0.4321266968325792,0.46444857287620334,0.5799944841071272,-0.11554591123092384
1641709,Ausar Thompson,1610612765,2023-24,476,232,485,556.2964093139573,-71.29640931395727,-14.978237250831357,-22.950742255776426,-6.31933051886334,1.01890756302521,1.1686899355335236,0.509453781512605,0.5222030205124352,0.5799944841071272,-0.057791463594692005
1641767,Ben Sheppard,1610612754,2023-24,229,90,229,263.38304337093,-34.38304337093001,-15.014429419620093,-31.663625566093096,1.968490705925391,1.0,1.150144294196201,0.5,0.524039261354184,0.5799944841071272,-0.05595522275294318
1630180,Saddiq Bey,1610612737,2023-24,696,290,693,798.4027302631808,-105.40273026318084,-15.14407044011219,-23.909314692517427,-6.383288660456603,0.9956896551724138,1.1471303595735356,0.4978448275862069,0.5487587750534133,0.5799944841071272,-0.031235709053713867
203991,Clint Capela,1610612737,2023-24,617,353,706,799.7458299446978,-93.74582994469779,-15.19381360529948,-22.143208820059982,-8.080444365555648,1.1442463533225284,1.2961844893755232,0.5721231766612642,0.589862271393091,0.5799944841071272,0.009867787285963825
1626162,Kelly Oubre Jr.,1610612755,2023-24,878,387,875,1011.0899582803422,-136.08995828034222,-15.499995248330547,-22.852186601272546,-8.24310222772898,0.9965831435079726,1.151583095991278,0.4982915717539863,0.5351603950697902,0.5799944841071272,-0.04483408903733699
1630703,Scoot Henderson,1610612757,2023-24,794,307,701,825.0663596251292,-124.06635962512917,-15.625486098882766,-23.391089991635187,-7.6814538970763895,0.8828715365239295,1.0391263975127571,0.44143576826196473,0.4894221660877802,0.5799944841071272,-0.09057231801934695
1641731,Bilal Coulibaly,1610612764,2023-24,432,188,440,507.67814617173053,-67.67814617173053,-15.666237539752437,-25.955285249341973,-4.9415593497368,1.0185185185185186,1.1751808939160429,0.5092592592592593,0.5432562699125889,0.5799944841071272,-0.036738214194538266
1631124,Julian Strawther,1610612743,2023-24,222,82,205,240.63815402460594,-35.63815402460594,-16.053222533606277,-32.87370713395656,0.7799548057666281,0.9234234234234234,1.0839556487594861,0.4617117117117117,0.4816669495841114,0.5799944841071272,-0.09832753452301579
1629656,Quentin Grimes,1610612765,2023-24,328,122,325,379.38995510774106,-54.38995510774106,-16.58230338650642,-29.793954855364827,-2.793209638461429,0.9908536585365854,1.1566766924016496,0.4954268292682927,0.5161012075905693,0.5799944841071272,-0.06389327651655785
1628372,Dennis Smith Jr.,1610612751,2023-24,338,147,326,386.18171876838665,-60.181718768386645,-17.805242239167647,-28.72788255961294,-6.705624533233185,0.9644970414201184,1.1425494638117948,0.4822485207100592,0.507537411971831,0.5799944841071272,-0.07245707213529617
1630533,Ziaire Williams,1610612763,2023-24,377,150,358,426.19621778345174,-68.19621778345174,-18.089182435928844,-29.060621387253136,-5.982693671609504,0.9496021220159151,1.1304939463752035,0.47480106100795755,0.5109489051094891,0.5799944841071272,-0.06904557899763808
1631200,Kris Murray,1610612757,2023-24,365,145,339,405.58925029801287,-66.58925029801287,-18.243630218633662,-30.049683851865264,-7.104909034788538,0.9287671232876712,1.111203425474008,0.4643835616438356,0.481261519557649,0.5799944841071272,-0.09873296454947816
1631110,Jeremy Sochan,1610612759,2023-24,774,340,750,891.5446556384743,-141.5446556384743,-18.287423209105206,-25.682239402384475,-10.922520613434436,0.9689922480620154,1.1518664801530676,0.4844961240310077,0.512890773922989,0.5799944841071272,-0.06710371018413819
1631104,Blake Wesley,1610612759,2023-24,215,102,216,255.3516286882944,-39.3516286882944,-18.303083110834603,-31.8811814360737,-3.796226468981209,1.0046511627906978,1.1876819938990437,0.5023255813953489,0.537461896358094,0.5799944841071272,-0.042532587749033124
1630692,Jordan Goodwin,1610612763,2023-24,382,141,324,396.44674881588514,-72.44674881588514,-18.965117491069407,-29.511961236865066,-6.813300121518092,0.8481675392670157,1.0378187141777098,0.42408376963350786,0.45102461025590745,0.5799944841071272,-0.12896987385121972
1631223,David Roddy,1610612756,2023-24,409,165,378,456.37016901914853,-78.37016901914853,-19.161410518129227,-29.403647376373417,-8.538407535315653,0.9242053789731052,1.1158194841543974,0.4621026894865526,0.48414289619976303,0.5799944841071272,-0.09585158790736414
1630534,Ochai Agbaji,1610612761,2023-24,432,178,418,504.7858864628333,-86.78588646283328,-20.089325570100293,-31.914979336272502,-10.13146961381426,0.9675925925925926,1.1684858482935956,0.4837962962962963,0.4971156367450398,0.5799944841071272,-0.0828788473620874
1629006,Josh Okogie,1610612756,2023-24,206,86,201,242.95266142838102,-41.95266142838102,-20.36536962542768,-36.925761339020916,-3.6926494254819557,0.9757281553398058,1.1793818515940826,0.4878640776699029,0.5520567602040817,0.5799944841071272,-0.027937723903045497
1629629,Cam Reddish,1610612747,2023-24,234,91,219,268.0516095097909,-49.05160950979092,-20.962226286235435,-36.442027673682965,-4.750523591243931,0.9358974358974359,1.1455196987597902,0.46794871794871795,0.5043451272501552,0.5799944841071272,-0.07564935685697194
1630214,Xavier Tillman,1610612738,2023-24,279,121,262,320.8296795082077,-58.829679508207676,-21.08590663376619,-33.78971403197958,-7.9276465198869435,0.9390681003584229,1.1499271666960849,0.46953405017921146,0.4717607973421927,0.5799944841071272,-0.1082336867649345
1628998,Cody Martin,1610612766,2023-24,215,82,191,238.8847613043636,-47.88476130436359,-22.271982002029578,-37.73907536871353,-6.945428660696598,0.8883720930232558,1.1110919130435517,0.4441860465116279,0.4596549320320669,0.5799944841071272,-0.12033955207506025
